<!DOCTYPE suite SYSTEM "http://testng.org/testng-1.0.dtd" >

<!--  thread-count="1" -->

<suite name="Test-class Suite" parallel="none">
    <listeners>
        <!--<listener class-name="org.iirdm.CustomisedListener"></listener>-->
        <!--<listener class-name="com.aventstack.extentreports.testng.listener.ExtentITestListenerClassAdapter"></listener>-->
        <listener class-name="org.iirdm.ExtentReporterNG"></listener>
    </listeners>
        <test name="MyTest">
            <groups>
                <run>
                    <include name="first test"/>
                    <include name="second test"/>
                </run>
            </groups>
            <classes>
                <class name="org.iirdm.test000.MyTest000"></class>
                <class name="org.iirdm.test001.MyTest001"></class>
                <class name="org.iirdm.test002.MyTest002"></class>
            </classes>
        </test>
</suite>
