<?xml version="1.0" encoding="UTF-8"?>
<!DOCTYPE suite SYSTEM "http://testng.org/testng-1.0.dtd" >

<!--  thread-count="1" -->

<suite name="Test-class Suite" parallel="none">
    <!--
    <listeners>
        <listener class-name="org.iirdm.ExtentReporterNG"></listener>
    </listeners>
    -->

    <listeners>
        <listener class-name="org.iirdm.base.TestListener"></listener>
    </listeners>

    <suite-files>
        <suite-file path="chrome-scenario-TestNG.xml" />
        <suite-file path="firefox-scenario-TestNG.xml" />
    </suite-files>
</suite>

